Test Case	Category	plcsharp	plfsharp	plv8	plpython	plpgsql	pljava	plperl	pllua	pltcl	plr
sumArrayInt	Array	0.400803	0.378002	0.449137	0.336188	0.315879	0.375325	0.409725	0.464384	0.387625	0.497559
sumArrayText	Array	0.436332	0.431104	0.518701	0.393638	0.372273	0.722827	0.47266	0.529052	0.487731	0.649898
returnBool	Bool	0.241228	0.241839	0.338899	0.240982	0.238344	0.301525	0.248649	0.326806	0.274225	0.383476
booleanAnd	Bool	0.309988	0.301343	0.415166	0.30564	0.297976	0.354919	0.315789	0.38705	0.394883	0.469115
booleanOr	Bool	0.30438	0.305023	0.403404	0.307313	0.297138	0.352542	0.317856	0.386163	0.395613	0.473588
booleanXor	Bool	0.304955	0.305611	0.418997	0.312534	0.300292	0.359702	0.319283	0.386539	0.435316	0.506061
retVarChar	Char	0.286186	0.273339	0.374301	0.286112	0.269343	0.435168	0.276388	0.354178	0.305101	0.466501
retConcatVarChar	Char	0.293797	0.29075	0.39674	0.316979	0.291725	0.493856	0.306032	0.379853	0.336259	0.524211
retConcatText	Char	0.301555	0.304047	0.416257	0.320105	0.292712	0.499288	0.305679	0.383613	0.342193	0.522351
retVarCharText	Char	0.300953	0.30499	0.427919	0.314997	0.294415	0.498332	0.304148	0.38718	0.344792	0.526678
retChar	Char	0.278387	0.279196	0.386159	0.284326	0.26117	0.436542	0.279413	0.359807	0.30073	0.391182
retConcatLetters	Char	0.297675	0.295484	0.401972	0.301355	0.286326	0.48275	0.296879	0.374453	0.326772	0.505288
retConcatChars	Char	0.29731	0.297062	0.417135	0.305451	0.289841	0.469825	0.296908	0.377619	0.328224	0.505613
retConcatVarChars-1	Char	0.300292	0.296959	0.409654	0.306026	0.287937	0.47332	0.299338	0.376938	0.332684	0.508832
retConcatVarChars-2	Char	0.302523	0.299637	0.411858	0.315727	0.28908	0.476843	0.305428	0.380672	0.331011	0.509711
retNonRegularEncoding-1	Char	0.283263	0.285356	0.392146	0.299083	0.26577	0.433687	0.285386	0.367155	0.306654	0.394064
retNonRegularEncoding-2	Char	0.298335	0.299342	0.433224	0.317554	0.27244	0.448663	0.298923	0.385013	0.317569	0.40836
retNonRegularEncoding-3	Char	0.286884	0.287471	0.39803	0.302258	0.267308	0.433904	0.287508	0.372126	0.308309	0.397717
retNonRegularEncoding-4	Char	0.316607	0.318059	0.446336	0.336713	0.283102	0.476253	0.313906	0.398479	0.329373	0.435933
returnReal	Float	0.231956	0.231384	0.328053	0.261684	0.24132	0.283552	0.269624	0.313146	0.268477	0.431094
sumReal	Float	0.359049	0.353773	0.456715	0.423531	0.350451	0.398303	0.426518	0.444886	0.454174	0.592866
returnDouble	Float	0.228624	0.22642	0.325408	0.274709	0.242602	0.280271	0.286849	0.326487	0.282101	0.451521
sumDouble	Float	0.374561	0.376074	0.482935	0.432994	0.368559	0.427863	0.464223	0.464736	0.56685	0.651758
maxSmallInt	Integers	0.226757	0.229924	0.326934	0.243378	0.228421	0.281328	0.234623	0.309373	0.26278	0.426127
sum2SmallInt	Integers	0.382489	0.368494	0.474686	0.38886	0.365136	0.41601	0.386862	0.44855	0.461443	0.55205
maxInteger	Integers	0.224467	0.225717	0.32505	0.244056	0.226631	0.278467	0.234823	0.309626	0.263978	0.433587
returnInt	Integers	0.22368	0.225499	0.326006	0.240878	0.225151	0.282422	0.233025	0.312823	0.271699	0.451206
inc2ToIntToInt	Integers	0.258736	0.277533	0.359765	0.275796	0.252414	0.303523	0.266594	0.338022	0.337306	0.483744
sum2Integer	Integers	0.266281	0.267775	0.375777	0.289096	0.261879	0.316047	0.281644	0.34548	0.356959	0.471847
sum3IntegerInteger	Integers	0.276608	0.278795	0.388258	0.305229	0.272002	0.325134	0.298277	0.358037	0.380649	0.483426
sum4IntegerInteger	Integers	0.289287	0.287121	0.413521	0.313137	0.282622	0.33652	0.32147	0.37021	0.405564	0.50019
maxBigInt	Integers	0.233708	0.23573	0.336783	0.254639	0.232944	0.289365	0.243062	0.323305	0.274384	0.359776
mixedInt	Integers	0.391594	0.392546	0.506079	0.420876	0.423688	0.443168	0.420431	0.47398	0.503704	0.617139
ageTest-1	Mixed	0.334176	0.326839	0.429793	0.340512	0.311734	0.522284	0.33414	0.398219	0.395219	0.580782
ageTest-2	Mixed	0.32217	0.314388	0.420935	0.337168	0.317017	0.502951	0.332429	0.398773	0.390361	0.601431
ageTest-3	Mixed	0.314388	0.312485	0.428381	0.341714	0.313836	0.506368	0.337371	0.399751	0.388782	0.588924
returnNullBool	NullBool	0.237513	0.236231	0.341688	0.240748	0.235055	0.287132	0.231831	0.280922	0.26725	0.347926
booleanNullAnd-1	NullBool	0.299365	0.287543	0.395178	0.29529	0.289777	0.390504	0.292146	0.337565	0.339775	0.438349
booleanNullAnd-2	NullBool	0.288857	0.288444	0.397434	0.293432	0.286955	0.361228	0.288017	0.331837	0.332281	0.431715
booleanNullAnd-3	NullBool	0.296723	0.296054	0.39801	0.293635	0.289872	0.364556	0.295067	0.375133	0.339965	0.445385
booleanNullAnd-4	NullBool	0.290654	0.291308	0.396036	0.293863	0.28869	0.34913	0.289952	0.333227	0.333958	0.438259
booleanNullAnd-5	NullBool	0.270183	0.270752	0.381417	0.276461	0.271084	0.315006	0.265844	0.317084	0.312183	0.415425
booleanNullOr-1	NullBool	0.290556	0.292162	0.399979	0.292721	0.288215	0.36541	0.302656	0.373798	0.336271	0.43836
booleanNullOr-2	NullBool	0.291774	0.291365	0.406255	0.293038	0.287405	0.353332	0.304704	0.371272	0.334893	0.431424
booleanNullOr-3	NullBool	0.289298	0.286323	0.395795	0.294741	0.287467	0.351917	0.303292	0.334276	0.337586	0.437282
booleanNullOr-4	NullBool	0.287375	0.285708	0.400179	0.294116	0.289185	0.353267	0.303502	0.373424	0.335664	0.433039
booleanNullOr-5	NullBool	0.270984	0.272193	0.379496	0.276743	0.271595	0.320351	0.268779	0.320097	0.319048	0.413391
booleanNullXor-1	NullBool	0.289121	0.291114	0.427928	0.299055	0.290558	0.382889	0.302518	0.373755	0.339837	0.463646
booleanNullXor-2	NullBool	0.291893	0.293198	0.411426	0.299137	0.288754	0.352279	0.300788	0.373899	0.333487	0.461922
booleanNullXor-3	NullBool	0.291745	0.292899	0.410894	0.300628	0.290151	0.351603	0.302374	0.375743	0.340096	0.464349
booleanNullXor-4	NullBool	0.295441	0.299156	0.416728	0.30191	0.292066	0.356643	0.303749	0.375144	0.334673	0.461362
booleanNullXor-5	NullBool	0.274338	0.273084	0.416822	0.284997	0.272198	0.320896	0.281952	0.358026	0.317293	0.446272
returnNullInt	NullInteger	0.235995	0.222937	0.321769	0.228937	0.224467	0.28495	0.224587	0.270071	0.253491	0.335011
returnNullSmallInt	NullInteger	0.225154	0.228562	0.322099	0.232566	0.22458	0.281145	0.22474	0.269658	0.252302	0.333701
returnNullBigInt	NullInteger	0.225496	0.224656	0.322879	0.22951	0.223512	0.280999	0.222232	0.269088	0.253987	0.335423
sumNullArgInt-1	NullInteger	0.260991	0.264427	0.36686	0.290768	0.25945	0.331593	0.266421	0.348166	0.300711	0.422365
sumNullArgInt-2	NullInteger	0.258111	0.262289	0.367013	0.293453	0.256581	0.34141	0.30415	0.345627	0.298521	0.437203
sumNullArgInt-3	NullInteger	0.260569	0.263747	0.366751	0.292723	0.256815	0.340805	0.309712	0.346606	0.302826	0.424335
sumNullArgInt-4	NullInteger	0.256947	0.255523	0.362708	0.288017	0.251869	0.344349	0.272345	0.336571	0.351825	0.423067
sumNullArgSmallInt-1	NullInteger	0.260119	0.264174	0.378512	0.295684	0.261423	0.328516	0.268195	0.349546	0.299229	0.424842
sumNullArgSmallInt-2	NullInteger	0.321435	0.324795	0.428029	0.358122	0.320762	0.401819	0.370986	0.40912	0.357678	0.482371
sumNullArgSmallInt-3	NullInteger	0.318433	0.325327	0.424748	0.357329	0.321202	0.401674	0.364749	0.409126	0.363564	0.487287
sumNullArgSmallInt-4	NullInteger	0.365138	0.366953	0.467106	0.403531	0.363666	0.456641	0.384206	0.447562	0.4682	0.533219
sumNullArgBigInt-1	NullInteger	0.261194	0.263047	0.385367	0.29273	0.260054	0.326578	0.264721	0.348036	0.298068	0.424515
sumNullArgBigInt-2	NullInteger	0.295684	0.296565	0.401226	0.329501	0.293504	0.377017	0.341628	0.380621	0.333606	0.467615
checkedSumNullArgInt-1	NullInteger	0.262642	0.263832	0.365879	0.271554	0.262943	0.314229	0.257093	0.304587	0.296933	0.402008
checkedSumNullArgInt-2	NullInteger	0.261294	0.264231	0.372106	0.268603	0.262187	0.333241	0.263833	0.305837	0.297272	0.407293
checkedSumNullArgInt-3	NullInteger	0.258359	0.258683	0.382516	0.266826	0.259307	0.332511	0.26262	0.303396	0.300728	0.405983
checkedSumNullArgInt-4	NullInteger	0.259452	0.260603	0.361668	0.279943	0.258799	0.352042	0.276204	0.339212	0.350488	0.447524
checkedSumNullArgSmallInt-1	NullInteger	0.260972	0.263461	0.366034	0.26851	0.26351	0.316236	0.255658	0.309215	0.299988	0.420382
checkedSumNullArgSmallInt-2	NullInteger	0.323826	0.322163	0.436378	0.33041	0.325234	0.391666	0.327164	0.366446	0.36545	0.468933
checkedSumNullArgSmallInt-3	NullInteger	0.321431	0.323952	0.446841	0.328919	0.324426	0.393368	0.325949	0.367469	0.36933	0.468154
checkedSumNullArgSmallInt-4	NullInteger	0.366718	0.371161	0.46854	0.391444	0.371781	0.456018	0.388737	0.452682	0.466786	0.558372
checkedSumNullArgBigInt-1	NullInteger	0.258788	0.260143	0.364003	0.268267	0.263762	0.314286	0.259552	0.308014	0.304135	0.408489
checkedSumNullArgBigInt-2	NullInteger	0.294165	0.298066	0.409399	0.300927	0.294979	0.363645	0.298019	0.338311	0.333727	0.442789
checkedSumNullArgMixed-1	NullInteger	0.271883	0.274191	0.403445	0.281285	0.278708	0.327701	0.266955	0.318418	0.311018	0.433114
checkedSumNullArgMixed-2	NullInteger	0.334948	0.336417	0.444025	0.34669	0.339186	0.404953	0.337379	0.381309	0.375331	0.49938
checkedSumNullArgMixed-3	NullInteger	0.27064	0.273146	0.385706	0.282065	0.275735	0.345372	0.275308	0.318085	0.321357	0.435299
checkedSumNullArgMixed-4	NullInteger	0.310092	0.313839	0.419828	0.321624	0.31565	0.381042	0.319653	0.357442	0.351321	0.478668
checkedSumNullArgMixed-5	NullInteger	0.364135	0.366525	0.514741	0.395663	0.365526	0.471349	0.394597	0.446885	0.486805	0.630035
Fibonacci	Recursive	1.861376	0.002585	1.809207	10.855304	48.952546	0.135563	20.985885	6.397381	24.556134	5.249944
Factorial	Recursive	0.280751	0.259826	0.357615	0.367462	1.232127	0.300198	0.389123	0.361929	0.793874	0.82575
