Test Case	plcsharp	plv8	plpython	plpgsql	pljava	plperl	pllua	pltcl	plr
sumArrayInt	0.012166	0.021359	0.011337	0.009472	0.027782	0.014422	0.013974	0.014043	0.017529
sumArrayText	0.01414	0.025325	0.01189	0.009751	0.0322	0.014265	0.016879	0.015793	0.024991
returnBool	0.005897	0.012102	0.006747	0.006308	0.015998	0.0074	0.009853	0.008899	0.012659
BooleanAnd	0.008808	0.017935	0.009171	0.008402	0.016071	0.009678	0.01199	0.013868	0.017494
BooleanOr	0.008639	0.015974	0.009183	0.00887	0.015937	0.008646	0.010854	0.012078	0.015759
BooleanXor	0.00752	0.016097	0.009384	0.008424	0.015364	0.009993	0.012219	0.015131	0.019055
retVarChar	0.010754	0.021448	0.011047	0.009153	0.038471	0.010012	0.013718	0.012326	0.021511
retConcatVarChar	0.011134	0.022427	0.012331	0.009503	0.027426	0.009783	0.013084	0.011991	0.027608
retConcatText	0.009374	0.018779	0.010115	0.008017	0.021659	0.009726	0.012336	0.011115	0.01839
retVarCharText	0.008341	0.019076	0.009453	0.007958	0.0199	0.008686	0.012146	0.011094	0.017933
retChar	0.011471	0.01556	0.008658	0.006989	0.017264	0.008076	0.011552	0.009822	0.013156
retConcatLetters	0.008486	0.016792	0.009132	0.007814	0.018511	0.008429	0.011135	0.009481	0.018059
retConcatChars	0.007527	0.015899	0.008727	0.007126	0.017538	0.007969	0.01103	0.009911	0.016653
retConcatVarChars	0.008235	0.016718	0.00909	0.00757	0.017432	0.009467	0.012484	0.010349	0.016859
retConcatVarChars(H.あ)	0.008465	0.017888	0.009749	0.007752	0.020182	0.008382	0.011991	0.01047	0.01723
retNonRegularEncoding(漢字)	0.008013	0.015761	0.009033	0.006904	0.016952	0.008333	0.011908	0.009847	0.013303
retNonRegularEncoding	0.008184	0.01686	0.00947	0.006963	0.016894	0.008318	0.012113	0.009737	0.013142
retNonRegularEncoding(ŁĄŻĘĆŃŚŹ)	0.007881	0.015648	0.009022	0.007028	0.014775	0.008115	0.011386	0.009688	0.012959
retNonRegularEncoding(Unicode)	0.008546	0.016593	0.009987	0.007303	0.015889	0.008838	0.012266	0.010257	0.01366
returnReal	0.00734	0.014478	0.00967	0.007803	0.017295	0.009816	0.010742	0.009843	0.017094
sumReal	0.011457	0.020115	0.014463	0.010966	0.018805	0.01591	0.015274	0.017909	0.024143
returnDouble	0.007274	0.013384	0.009251	0.007105	0.011658	0.009767	0.010101	0.009275	0.01711
sumDouble	0.009721	0.017004	0.011961	0.008974	0.015056	0.01379	0.013088	0.017007	0.020877
returnX	0.006913	0.013595	0.008079	0.006281	0.017054	0.009386	0.012073	0.007336	0.01368
inc2	0.006435	0.012816	0.007864	0.006136	0.011985	0.007656	0.010023	0.010761	0.016623
sum2	0.006411	0.013234	0.007943	0.006178	0.010805	0.007672	0.01009	0.010275	0.015528
sum3	0.006835	0.013797	0.008407	0.006551	0.011247	0.008644	0.011772	0.011647	0.016745
sum4	0.007415	0.014602	0.00892	0.007032	0.012771	0.009783	0.011776	0.013195	0.018725
maxSmallInt	0.005774	0.012221	0.007665	0.006524	0.01899	0.007281	0.010083	0.008665	0.016445
sum2SmallInt	0.011058	0.018867	0.012678	0.010644	0.018357	0.012487	0.014666	0.016743	0.020975
maxInteger	0.011284	0.014178	0.007571	0.00515	0.010079	0.006236	0.00897	0.00778	0.014986
sum2Integer	0.007385	0.014906	0.010138	0.008003	0.014998	0.009268	0.011526	0.012057	0.016055
maxBigInt	0.005765	0.012661	0.009349	0.006545	0.013328	0.009108	0.009106	0.007845	0.010697
sum2BigInt	0.008325	0.01547	0.0094	0.008282	0.014137	0.010498	0.011431	0.013572	-
mixedBigInt	0.008443	0.022752	0.012044	0.011923	0.015635	0.011464	0.013257	0.015903	-
mixedInt	0.011581	0.021803	0.013578	0.01223	0.0172	0.013538	0.015805	0.01829	0.023172
ageTest(Billy)	0.011074	0.023223	0.01247	0.010106	0.041299	0.010421	0.013317	0.01376	0.022532
ageTest(John)	0.008604	0.018734	0.009221	0.007584	0.017661	0.011318	0.011314	0.010896	0.020261
ageTest(Robson)	0.008259	0.019088	0.009369	0.00763	0.017844	0.009092	0.011329	0.010997	0.020616
returnNullBool	0.005511	0.011428	0.005764	0.005083	0.012449	0.005311	0.006933	0.007293	0.009712
BooleanNullAnd(true,null)	0.007152	0.013715	0.007516	0.006771	0.029546	0.007306	0.008888	0.0097	0.01347
BooleanNullAnd(null,true)	0.007189	0.013875	0.007547	0.006771	0.027518	0.007455	0.008798	0.009589	0.014087
BooleanNullAnd(false,null)	0.007299	0.01381	0.007528	0.006868	0.012032	0.007386	0.01055	0.009997	0.014117
BooleanNullAnd(null,false)	0.007212	0.014961	0.007746	0.007311	0.028226	0.007345	0.009146	0.010111	0.014805
BooleanNullAnd(null,null)	0.006945	0.013675	0.007342	0.006731	0.027298	0.006218	0.007989	0.008763	0.012858
BooleanNullOr(true,null)	0.007077	0.01371	0.007924	0.006773	0.013472	0.007865	0.010149	0.009814	0.013899
retuBooleanNullOr(null,true)rnBool	0.007257	0.014108	0.007774	0.007013	0.027503	0.008122	0.010525	0.009892	0.014171
BooleanNullOr(false,null)	0.007236	0.015273	0.008008	0.006886	0.027114	0.007972	0.009986	0.011492	0.01408
BooleanNullOr(null,false)	0.007341	0.014432	0.007987	0.00719	0.028598	0.008334	0.010994	0.010204	0.016357
BooleanNullOr(null,null)	0.006349	0.012993	0.006949	0.006813	0.024472	0.006392	0.008191	0.008925	0.012264
BooleanNullXor(true,null)	0.007187	0.015604	0.008167	0.00695	0.005231	0.008113	0.010153	0.009784	0.014508
BooleanNullXor(null,true)	0.007467	0.015393	0.008036	0.007383	0.005404	0.008252	0.010769	0.010202	0.015083
BooleanNullXor(false,null)	0.007724	0.015836	0.008044	0.007007	0.005449	0.008349	0.010765	0.010102	0.014553
BooleanNullXor(null,false)	0.007151	0.015581	0.008104	0.006814	0.005287	0.008273	0.010886	0.009925	0.014207
BooleanNullXor(null,null)	0.006592	0.014562	0.007161	0.006274	0.005599	0.008043	0.009683	0.008971	0.013312
returnNullInt	0.006157	0.012884	0.007113	0.006359	0.012984	0.006027	0.0073	0.007256	0.009427
returnNullSmallInt	0.005373	0.011138	0.006065	0.005099	0.00882	0.005311	0.007209	0.007186	0.009388
returnNullBigInt	0.005426	0.011176	0.005936	0.005205	0.008511	0.005303	0.007318	0.006887	0.01004
sumNullArgInt(null,null)	0.00669	0.014924	0.00886	0.006308	0.004838	0.007229	0.010174	0.008608	0.014572
sumNullArgInt(null,3)	0.008067	0.013919	0.008923	0.006274	0.004759	0.009359	0.010386	0.008913	0.014294
sumNullArgInt(3,null)	0.007899	0.014023	0.008734	0.006213	0.004532	0.009347	0.009997	0.009003	0.014113
sumNullArgInt(3,3)	0.006387	0.013143	0.008731	0.006113	0.014554	0.007723	0.010441	0.011081	0.014169
sumNullArgSmallInt(null,null)	0.006665	0.013589	0.0088	0.006298	0.004817	0.007284	0.010071	0.008766	0.013955
sumNullArgSmallInt(null,CAST(101ASsmallint))	0.008406	0.015989	0.011113	0.008175	0.006343	0.011829	0.012186	0.010903	0.016155
sumNullArgSmallInt(CAST(101ASsmallint),null)	0.008257	0.01553	0.010885	0.008139	0.006278	0.011613	0.01215	0.010933	0.018339
sumNullArgSmallInt(CAST(101ASsmallint),CAST(101ASsmallint))	0.009201	0.016268	0.011621	0.009014	0.016936	0.011137	0.013324	0.013804	0.018685
sumNullArgBigInt(null,null)	0.00662	0.013694	0.00873	0.006333	0.004826	0.007452	0.010137	0.008461	0.013637
sumNullArgBigInt(null,100)	0.007365	0.015402	0.010061	0.00717	0.005595	0.010441	0.011199	0.009621	0.015372
sumNullArgBigInt(9223372036854775707,null)	0.006851	0.014404	0.009423	0.006602	0.005015	-	0.010392	0.009423	0.014602
sumNullArgBigInt(9223372036854775707,100)	0.007543	0.015546	0.010212	0.007275	0.013947	0.009245	0.010982	0.012407	-
checkedSumNullArgInt(null,null)	0.006561	0.012636	0.007126	0.006411	0.010764	0.006666	0.00859	0.008471	0.012546
checkedSumNullArgInt(null,3)	0.00718	0.012709	0.007159	0.00615	0.009997	0.006713	0.008599	0.008549	0.012423
checkedSumNullArgInt(3,null)	0.008188	0.013223	0.007251	0.007073	0.010692	0.007081	0.008509	0.009433	0.012862
checkedSumNullArgInt(3,3)	0.006575	0.013542	0.007954	0.006321	0.010858	0.007779	0.009968	0.011092	0.014792
checkedSumNullArgSmallInt(null,null)	0.006606	0.013633	0.007268	0.006484	0.010203	0.006581	0.008393	0.008743	0.012602
checkedSumNullArgSmallInt(null,CAST(133ASsmallint))	0.008446	0.015142	0.009197	0.008149	0.012295	0.008923	0.010849	0.010903	0.015017
checkedSumNullArgSmallInt(CAST(133ASsmallint),null)	0.008149	0.015715	0.009111	0.008257	0.011949	0.009089	0.010575	0.010435	0.014884
checkedSumNullArgSmallInt(CAST(133ASsmallint),CAST(133ASsmallint)	0.009543	0.016591	0.011161	0.009151	0.013818	0.01107	0.013065	0.014304	0.018108
checkedSumNullArgBigInt(null,null)	0.006582	0.012958	0.00732	0.007747	0.01024	0.006673	0.008651	0.008603	0.013688
checkedSumNullArgBigInt(null,100)	0.007519	0.014203	0.008168	0.007275	0.011408	0.008044	0.009509	0.009885	0.014391
checkedSumNullArgBigInt(9223372036854775707,null)	0.00661	0.013691	0.00769	0.006498	0.010647	-	0.008692	0.00938	0.013896
checkedSumNullArgBigInt(9223372036854775707,100)	0.007645	0.015691	0.009434	0.007404	0.011995	0.009345	0.011187	0.012938	-
checkedSumNullArgMixed(null,null,null)	0.007008	0.013332	0.007517	0.00674	0.010744	0.006977	0.008871	0.008868	0.013352
checkedSumNullArgMixed(null,CAST(1313assmallint),null)	0.008616	0.015574	0.009643	0.008461	0.012889	0.009386	0.010867	0.011656	0.015597
checkedSumNullArgMixed(1313,null,null)	0.007077	0.01353	0.00761	0.006795	0.010672	0.007451	0.008945	0.01045	0.013973
checkedSumNullArgMixed(null,null,3)	0.007733	0.01483	0.008471	0.007693	0.011731	0.008367	0.009803	0.010107	0.014509
checkedSumNullArgMixed(1313,CAST(1313assmallint),1313)	0.009307	0.019411	0.010916	0.009057	0.015162	0.011113	0.012876	0.014636	0.021849
fibbb	0.022685	2.016191	17.974369	2.171486	0.002608	-	-	-	-
fact	0.008264	0.042219	0.12059	0.027853	0.016734	-	-	-	-
